"Status","Start Time","Stop Time","Duration in ms","Parent Suite","Suite","Sub Suite","Test Class","Test Method","Name","Description"
"passed","Wed Dec 25 23:43:55 CST 2019","Wed Dec 25 23:43:55 CST 2019","0","","test_div","","","","test_div[10-3-3.3333333333333335]",""
"passed","Wed Dec 25 23:43:55 CST 2019","Wed Dec 25 23:43:55 CST 2019","1","","test_div","","","","test_div[100000000-1-100000000]",""
"passed","Wed Dec 25 23:43:55 CST 2019","Wed Dec 25 23:43:55 CST 2019","1","","test_div","","","","test_div[10-2-5]",""
"broken","Wed Dec 25 23:43:55 CST 2019","Wed Dec 25 23:43:55 CST 2019","1","","test_div","","","","test_div[100-0-0]",""
"passed","Wed Dec 25 23:43:55 CST 2019","Wed Dec 25 23:43:55 CST 2019","1","","test_div","","","","test_div[66.72-11.12-6]",""
"passed","Wed Dec 25 23:43:55 CST 2019","Wed Dec 25 23:43:55 CST 2019","0","","test_div","","","","test_div[2-20000-0.0001]",""
"passed","Wed Dec 25 23:43:55 CST 2019","Wed Dec 25 23:43:55 CST 2019","1","","test_div","","","","test_div[0-200-0]",""
"passed","Wed Dec 25 23:43:55 CST 2019","Wed Dec 25 23:43:55 CST 2019","1","","test_div","","","","test_div[-10-5--2]",""
"passed","Wed Dec 25 23:43:55 CST 2019","Wed Dec 25 23:43:55 CST 2019","0","","test_div","","","","test_div[-10--2-5]",""
